{
    "development": {
        "url": "http://localhost:3002/api/v1/msg",
        "xurl": "http://localhost:3040/next",
        "timeout": 3000,
        "saveMessage": true,
        "db": "dalpha",
        "saveResults": true
    },

    "production": {
        "url": "http://localhost:3040/next",
        "timeout": 3000,
        "saveMessage": true,
        "db": "dalpha",
        "saveResults": false
    },

    "database": {
        "devalpha": {
            "hrPool": {
                "user": "I_USER3",
                "password": "qwe123",
                "cs": [
                    " (DESCRIPTION = ",
                    "    (ADDRESS_LIST = ",
                    "      (ADDRESS = (PROTOCOL = TCP)(HOST = ol7-db08.infoenergo.loc)(PORT = 1521))",
                    "    )",
                    "    (CONNECT_DATA = ",
                    "      (SERVER=DEDICATED)(SERVICE_NAME=SANDBOX)",
                    "    )",
                    "  )"
                ],
                "poolMin": 4,
                "poolMax": 8,
                "poolIncrement": 2
            }
        },
        "talpha": {
            "hrPool": {
                "user": "I_USER3",
                "password": "qwe123",
                "cs": [
                    " (DESCRIPTION = ",
                    "    (ADDRESS_LIST = ",
                    "      (ADDRESS = (PROTOCOL = TCP)(HOST = len-oda-alpha.energo.ru)(PORT = 1521))",
                    "    )",
                    "    (CONNECT_DATA = ",
                    "      (SERVICE_NAME = talpha)",
                    "    )",
                    "  )"
                ],
                "poolMin": 2,
                "poolMax": 8,
                "poolIncrement": 2
            }
        },
        "dalpha": {
            "hrPool": {
                "user": "I_USER3",
                "password": "qwe123",
                "cs": [
                    " (DESCRIPTION = ",
                    "    (ADDRESS_LIST = ",
                    "      (ADDRESS = (PROTOCOL = TCP)(HOST = cd-vm-talpha.energo.ru)(PORT = 1521))",
                    "    )",
                    "    (CONNECT_DATA = ",
                    "      (SERVICE_NAME = DALPHA)",
                    "    )",
                    "  )"
                ],
                "poolMin": 2,
                "poolMax": 2,
                "poolIncrement": 0
            }
        }
    }
}